[
  {
    "id": "486cc93f-2f5b-401a-ba5b-1f81ff6eda1e",
    "data": [
      {
        "text": "there",
        "userDefined": false
      }
    ],
    "isTemplate": false,
    "count": 0,
    "updated": 1524308296
  },
  {
    "id": "a1dc8638-fef4-4631-b89d-a93cc312e142",
    "data": [
      {
        "text": "?",
        "userDefined": false
      }
    ],
    "isTemplate": false,
    "count": 1,
    "updated": 1524308296
  },
  {
    "id": "0d2741a0-8dab-4b70-bdc0-3f83b0299889",
    "data": [
      {
        "text": "hi",
        "userDefined": false
      }
    ],
    "isTemplate": false,
    "count": 0,
    "updated": 1524308296
  },
  {
    "id": "d6d699fb-b9ab-4901-9e2b-1f6ea225ca98",
    "data": [
      {
        "text": "hello",
        "userDefined": false
      }
    ],
    "isTemplate": false,
    "count": 0,
    "updated": 1524308296
  },
  {
    "id": "effc19b7-09f4-44e3-bf25-7fc2eafb253c",
    "data": [
      {
        "text": "you there",
        "userDefined": false
      }
    ],
    "isTemplate": false,
    "count": 0,
    "updated": 1524308296
  },
  {
    "id": "31c16d5d-0c01-4b13-a80a-12fabf5b49cb",
    "data": [
      {
        "text": "hey",
        "userDefined": false
      }
    ],
    "isTemplate": false,
    "count": 0,
    "updated": 1524308296
  }
]