[
  {
    "id": "ee2da7c7-e6df-4cb6-9aae-65e49d103e05",
    "data": [
      {
        "text": "there",
        "userDefined": false
      }
    ],
    "isTemplate": false,
    "count": 0,
    "updated": 1524308296
  },
  {
    "id": "67b29ab9-e4b7-4ec3-a0eb-1fc56ea0e671",
    "data": [
      {
        "text": "hey",
        "userDefined": false
      }
    ],
    "isTemplate": false,
    "count": 0,
    "updated": 1524308296
  },
  {
    "id": "a899e6cc-914d-459f-9ec6-65041f7d6dc5",
    "data": [
      {
        "text": "?",
        "userDefined": false
      }
    ],
    "isTemplate": false,
    "count": 1,
    "updated": 1524308296
  },
  {
    "id": "219a17de-f2a7-4bec-bf09-c553d6ebc458",
    "data": [
      {
        "text": "hi",
        "userDefined": false
      }
    ],
    "isTemplate": false,
    "count": 0,
    "updated": 1524308296
  },
  {
    "id": "03ba01b9-515a-4141-91dc-919dca8efc1c",
    "data": [
      {
        "text": "you there",
        "userDefined": false
      }
    ],
    "isTemplate": false,
    "count": 0,
    "updated": 1524308296
  },
  {
    "id": "812d1df2-9c36-4e96-8af2-b80ff67924ca",
    "data": [
      {
        "text": "hello",
        "userDefined": false
      }
    ],
    "isTemplate": false,
    "count": 0,
    "updated": 1524308296
  }
]