[
  {
    "id": "df533c83-d881-41c1-b2a6-a36046909b16",
    "data": [
      {
        "text": "square",
        "alias": "operation",
        "meta": "@operation-type",
        "userDefined": false
      },
      {
        "text": " number",
        "userDefined": false
      }
    ],
    "isTemplate": false,
    "count": 0,
    "updated": 1524724163
  },
  {
    "id": "f8a7f0ed-19f6-4967-862a-5645746030a5",
    "data": [
      {
        "text": "square",
        "alias": "operation",
        "meta": "@operation-type",
        "userDefined": true
      },
      {
        "text": " of ",
        "userDefined": false
      },
      {
        "text": "fifteen",
        "alias": "number",
        "meta": "@sys.number",
        "userDefined": true
      }
    ],
    "isTemplate": false,
    "count": 0,
    "updated": 1524724163
  },
  {
    "id": "42c4a508-7f72-436c-9bb8-3aef2973b6d5",
    "data": [
      {
        "text": "calculate the ",
        "userDefined": false
      },
      {
        "text": "square",
        "alias": "operation",
        "meta": "@operation-type",
        "userDefined": true
      },
      {
        "text": " of ",
        "userDefined": false
      },
      {
        "text": "six",
        "alias": "number",
        "meta": "@sys.number",
        "userDefined": true
      }
    ],
    "isTemplate": false,
    "count": 0,
    "updated": 1524724163
  },
  {
    "id": "c46d7e7a-c22f-4b93-afc2-fbb140f81abc",
    "data": [
      {
        "text": "tell me the ",
        "userDefined": false
      },
      {
        "text": "square",
        "alias": "operation",
        "meta": "@operation-type",
        "userDefined": true
      },
      {
        "text": " of ",
        "userDefined": false
      },
      {
        "text": "four",
        "alias": "number",
        "meta": "@sys.number",
        "userDefined": true
      }
    ],
    "isTemplate": false,
    "count": 0,
    "updated": 1524724163
  },
  {
    "id": "72297070-5a55-4b18-8915-ef34251c1a9e",
    "data": [
      {
        "text": "what is the ",
        "userDefined": false
      },
      {
        "text": "square",
        "alias": "operation",
        "meta": "@operation-type",
        "userDefined": true
      },
      {
        "text": " of ",
        "userDefined": false
      },
      {
        "text": "5",
        "alias": "number",
        "meta": "@sys.number",
        "userDefined": false
      }
    ],
    "isTemplate": false,
    "count": 0,
    "updated": 1524724163
  }
]