[
  {
    "id": "a91a7446-cad0-40e8-83fa-34de98b1d875",
    "data": [
      {
        "text": "tell me the ",
        "userDefined": false
      },
      {
        "text": "square",
        "alias": "operation",
        "meta": "@operation-type",
        "userDefined": true
      },
      {
        "text": " of ",
        "userDefined": false
      },
      {
        "text": "four",
        "alias": "number",
        "meta": "@sys.number",
        "userDefined": true
      }
    ],
    "isTemplate": false,
    "count": 0,
    "updated": 1524724163
  },
  {
    "id": "fe021866-b017-4b46-a8dc-6d9120d4b6ee",
    "data": [
      {
        "text": "square",
        "alias": "operation",
        "meta": "@operation-type",
        "userDefined": false
      },
      {
        "text": " number",
        "userDefined": false
      }
    ],
    "isTemplate": false,
    "count": 0,
    "updated": 1524724163
  },
  {
    "id": "fc35e7da-0043-450e-8222-a67c1068545d",
    "data": [
      {
        "text": "calculate the ",
        "userDefined": false
      },
      {
        "text": "square",
        "alias": "operation",
        "meta": "@operation-type",
        "userDefined": true
      },
      {
        "text": " of ",
        "userDefined": false
      },
      {
        "text": "six",
        "alias": "number",
        "meta": "@sys.number",
        "userDefined": true
      }
    ],
    "isTemplate": false,
    "count": 0,
    "updated": 1524724163
  },
  {
    "id": "1a1bd56d-5ed8-480a-8392-60d5b81f6fe3",
    "data": [
      {
        "text": "square",
        "alias": "operation",
        "meta": "@operation-type",
        "userDefined": true
      },
      {
        "text": " of ",
        "userDefined": false
      },
      {
        "text": "fifteen",
        "alias": "number",
        "meta": "@sys.number",
        "userDefined": true
      }
    ],
    "isTemplate": false,
    "count": 0,
    "updated": 1524724163
  },
  {
    "id": "fed460b9-a688-4ee8-a44b-0647c211d358",
    "data": [
      {
        "text": "what is the ",
        "userDefined": false
      },
      {
        "text": "square",
        "alias": "operation",
        "meta": "@operation-type",
        "userDefined": true
      },
      {
        "text": " of ",
        "userDefined": false
      },
      {
        "text": "5",
        "alias": "number",
        "meta": "@sys.number",
        "userDefined": false
      }
    ],
    "isTemplate": false,
    "count": 0,
    "updated": 1524724163
  }
]