[
  {
    "value": "subtract",
    "synonyms": [
      "subtract",
      "subtraction",
      "minus",
      "difference",
      "-"
    ]
  },
  {
    "value": "divide",
    "synonyms": [
      "divide",
      "division",
      "/"
    ]
  },
  {
    "value": "add",
    "synonyms": [
      "add",
      "sum",
      "plus",
      "addition",
      "total",
      "+"
    ]
  },
  {
    "value": "multiply",
    "synonyms": [
      "multiply",
      "product",
      "multiplication",
      "*"
    ]
  },
  {
    "value": "square",
    "synonyms": [
      "square"
    ]
  }
]